VPN,Category,Producer Name,Product Name,Container,FOB,Volume Amount,Volume Unit,Pack Size,Style,ABV,Country,Coupler,UPC/EAN,COLA,Cases per Layer,Cases per Pallet
13178,BEER,Achel,EXTRA Blonde (Trappist-style) 6x750ml,,$55.00 ,750,Ml,6,Super-Trappist!,9.5,Belgium,,5.42501E+12,2.1351E+13,20,120
10005679,BEER,Achel,EXTRA Bruin (Trappist-style) 6x750ml,,$55.00 ,750,Ml,6,Super-Trappist!,9.5,Belgium,,5.42501E+12,,20,120
16971,BEER,Arpus,Mango x Apricot x Almond Smoothie Sour 24x440ml,,$120.00 ,440,Ml,24,,5,Latvia,,,,12,72
16970,BEER,Arpus,Peanut Butter x Vanilla x Coffee Imperial Stout 24x440ml,,$120.00 ,440,Ml,24,,12,Latvia,,,2.334E+13,12,72
16972,BEER,Arpus,Pineapple x Cherry x Strawberry Sour 24x440ml,,$100.00 ,440,Ml,24,,5,Latvia,,,2.3075E+13,12,72
10004298,BEER,Au Baron,Cuvee des Jonquilles 12x750ml,,$75.00 ,750,Ml,12,"Classic saison, dry, hoppy, fruity palate",7,France,,,2.1337E+13,20,120
4284,BEER,Au Baron,/Jester King Noblesse Oblige 20L Dolium Keg,PET,$150.00 ,20,L,1,Delightful biere de garde collab,4.7,France,A-Type,,,20,40
15848,BEER,Blaugies,BDB (Blonde de ) 12x375ml,,$65.00 ,375,Ml,12,Brand-new blonde from the iconic Carlier family!,8,Belgium,,5.41056E+12,,17,102
17079,BEER,Blaugies,Blidegarian Imperial Stout 12x750ml,,$92.50 ,750,Ml,12,Brand-new coffee stout from the iconic Carliers!,9,Belgium,,,,5,55
4097,BEER,Blaugies,Darbyste 12x375ml,,$65.00 ,375,Ml,12,Rustic saison with figs,5.8,Belgium,,5.41056E+12,2.1126E+13,17,102
10005018,BEER,Blaugies,Darbyste 12x750ml,,$87.00 ,750,Ml,12,Rustic saison with figs,5.8,Belgium,,6-08782-66690-4,2.1124E+13,11,55
10003337,BEER,Blaugies,Darbyste 30L KeyKeg,PET,$210.00 ,30,L,1,Rustic saison with figs,5.8,Belgium,KeyKeg,,,12,24
5970,BEER,Blaugies,La Moneuse 12x375ml,,$65.00 ,375,Ml,12,"Earthy, big, rounded saison",8,Belgium,,5.41056E+12,,17,102
10004994,BEER,Blaugies,La Moneuse 12x750ml,,$87.00 ,750,Ml,12,"Earthy, big, rounded saison",8,Belgium,,6-08782-66714-7,2.118E+13,11,55
4063,BEER,Blaugies,La Vermontoise 12x375ml,,$65.00 ,375,Ml,12,Incredible amarillo-hopped spelt saison!,6,Belgium,,5.41056E+12,2.1119E+13,17,102
10003318,BEER,Blaugies,La Vermontoise 30L KeyKeg,PET,$210.00 ,30,L,1,Incredible amarillo-hopped spelt saison!,6,Belgium,KeyKeg,,,12,24
4098,BEER,Blaugies,Saison d'Epeautre 12x375ml,,$65.00 ,375,Ml,12,"Dry, elegant spelt saison",6,Belgium,,5.41056E+12,2.118E+13,17,102
10004993,BEER,Blaugies,Saison D'Epeautre 12x750ml,,$87.00 ,750,Ml,12,"Dry, elegant spelt saison",6,Belgium,,6-08782-66715-4,2.118E+13,11,55
11293,BEER,de Garde Brewing,de Garde BuVeaux 12x750ml,,$125.00 ,750,Ml,12,2 yr Oak BA Spont Wild Ale,3.9,"US - Tillamook, OR",,,,11,55
5570,BEER,de Garde Brewing,De Garde The Kriek 30L Dolium,PET,$225.00 ,30,L,1,Oak BA Wild Ale w/ Cherries,7,USA,Type D,,,11,22
15201,BEER,De La Senne,Brett Porter 24x330ml,,$72.00 ,330,Ml,24,Dry porter brewed w/ Brett,5.7,Belgium,,,2.2312E+13,12,72
11779,BEER,De La Senne,Saison de la Senne 24x330ml,,$95.00 ,330,Ml,24,Classic spelt saison blended with Cantillon lambic,6,Belgium,,,2.1075E+13,12,72
10005758,BEER,De La Senne,Stouterik 24X330ML,,$65.00 ,330,Ml,24,"Incredibly food friendly, snappy Belgian 'stout'",5,Belgium,,5.42503E+12,,12,72
10003682,BEER,De La Senne,Taras Boulba 30L KeyKeg,PET,$180.00 ,30,L,1,World's best session hop bomb!,4.5,Belgium,KeyKeg,,2.1102E+13,12,24
10005751,BEER,De La Senne,Zinnebir 24x330ml,,$63.00 ,330,Ml,24,Beautiful hoppy blonde ale,6,Belgium,,5.42503E+12,2.1089E+13,12,72
17080,BEER,De Leite,coasters (sleeve of 100),,$0.00 ,,,1,coasters,-,Belgium,,,,1,1
16303,BEER,De Leite,Cuvee Jeun'Homme 20L PolyKeg,PET,$170.00 ,20,L,1,"Light, citrusy dry-hopped BA sour blond",6,Belgium,A-Type,,,20,40
15290,BEER,De Leite,Cuvee Jeun'Homme 24x330ml,,$80.00 ,330,Ml,24,"Light, citrusy dry-hopped BA sour blond",6,Belgium,,,2.2327E+13,12,72
15291,BEER,De Leite,Cuvee Mam'Zelle 24x330ml,,$80.00 ,330,Ml,24,"Full, bright sour blond aged in wine barrels",8,Belgium,,,2.3013E+13,12,72
15294,BEER,De Leite,Cuvee Soeur'ise Kriek 24x330ml,,$92.50 ,330,Ml,24,Enfant Terriple aged on sour whole cherries,8,Belgium,,,2.3032E+13,12,72
16305,BEER,De Leite,Enfant Terriple 24x330ml,,$75.00 ,330,Ml,24,Devilishly' sunny blond triple,8.2,Belgium,,,2.2327E+13,12,72
16306,BEER,De Leite,Fils a Papa 15 24x330ml,,$87.00 ,330,Ml,24,raspberry ale infused with Belgian gin,5,Belgium,,,,12,72
16304,BEER,De Leite,/Oud Beersel Barrels and Pipes12x375ml,,$78.00 ,375,Ml,12,Dark BA sour,8,Belgium,,,,12,72
17081,BEER,De Leite,Paljas coasters (sleeve of 100),,$0.00 ,,,1,coasters,-,Belgium,,,,1,1
17039,BEER,De Leite,Paljas Winter Whisky 20L PolyKeg,PET,$180.00 ,20,L,1,"Wintry ale w/ oats, licorice, and Belgian whisky",7.5,Belgium,A-Type,,,20,40
17038,BEER,De Leite,Paljas Winter Whisky 24x330ml,,$89.00 ,330,Ml,24,"Wintry ale w/ oats, licorice, and Belgian whisky",7.5,Belgium,,,,12,72
10005654,BEER,De Ranke,CUVEE 6x750ml,,$58.00 ,750,Ml,6,Traditional lambic blend,7,Belgium,,6-08782-67129-8,,20,120
15407,BEER,De Ranke,Grapevine Trebbiano d'Abruzzo Lambic 6x750ml,,$65.00 ,750,Ml,6,Trebbiano d'Abruzzo grapes on lambic,6.5,Belgium,,5.41396E+12,2.1113E+13,20,120
10005655,BEER,De Ranke,Guldenberg 24x330ml,,$60.00 ,330,Ml,24,Elegant strong blonde/tripel,8.5,Belgium,,6-08782-66659-1,2.1111E+13,12,72
10005653,BEER,De Ranke,KRIEK 6x750ml,,$55.00 ,750,Ml,6,Incredible world class kriek,6,Belgium,,,,20,120
10877,BEER,De Ranke,Kriek Audenaerde 6x750ml,,$58.00 ,750,Ml,6,Amazing full bodied KRIEK,6.5,Belgium,,5.41396E+12,2.1118E+13,20,120
10005649,BEER,De Ranke,Noir De Dottignies 24x330ml -- last 2!,,$60.00 ,330,Ml,24,"Dark, dubbel-ish farmhouse",9,Belgium,,6-08782-67231-8,2.1188E+13,12,72
10002220,BEER,De Ranke,Noir de Dottignies 30L Dolium Keg,PET,$180.00 ,30,L,1,"Dark, dubbel-ish farmhouse",9,Belgium,S-Type,,,8,32
10005646,BEER,De Ranke,Saison de Dottignies 24x330ml,,$57.00 ,330,Ml,24,Beautiful classic saison,5.5,Belgium,,6-08782-67378-0,2.1118E+13,12,72
10005647,BEER,De Ranke,Saison de Dottignies 30L Dolium Keg,PET,$175.00 ,30,L,1,Beautiful classic saison,5.5,Belgium,S-Type,,,8,32
3596,BEER,De Ranke,Vieille Provision 6x750ml,,$55.00 ,750,Ml,6,Spectacular lambic-esque sour,7,Belgium,,,,20,120
10005658,BEER,De Ranke,XX Bitter 24x330ml,,$57.00 ,330,Ml,24,Beautiful OG farmhouse ale,6.2,Belgium,,6-08782-66658-4,2.1113E+13,12,72
10002223,BEER,De Ranke,XX Bitter 30L Dolium Keg,PET,$165.00 ,30,L,1,Beautiful OG farmhouse ale,6.2,Belgium,S-Type,,2.1194E+13,8,32
16815,BEER,DK Mikkeller,Mikkeller/Budvar Year of the Lager 30L KeyKeg,PET,$155.00 ,30,L,1,Homage to the iconic Czech lager!,4.6,Denmark,KeyKeg,,3301,12,24
16606,BEER,Epochal,Aiken Drum 12x375mL,,$73.00 ,375,Ml,12,Dry-hopped Scottish stock ale aged in Bordeaux,5.8,Scotland,,,,18,90
16610,BEER,Epochal,Aiken Drum 20L Polykeg,PET,$190.00 ,20,L,1,Dry-hopped Scottish stock ale aged in Bordeaux,5.8,Scotland,S-Type,,,20,40
14702,BEER,Epochal,Angle Trisector 12x375mL,,$73.00 ,375,Ml,12,Scottish table beer w/ Scotch common barley,4.5,Scotland,,,2.2166E+13,18,90
16617,BEER,Epochal,Builder of Perpetual Motion 30L Polykeg,PET,$195.00 ,30,L,1,"Bone-dry, refreshingly tart smoked table porter",4.3,Scotland,S-Type,,,12,24
14718,BEER,Epochal,Cube Duplicator 20L Polykeg,PET,$190.00 ,20,L,1,4.3% smoked table porter,4.3,Scotland,S-Type,,,20,40
16614,BEER,Epochal,Hesperus 20L Polykeg -- last 2!,PET,$190.00 ,20,L,1,Scottish stock pale w/Bere barley. Wine-like aroma,7.2,Scotland,S-Type,,,20,40
16609,BEER,Epochal,Hesperus 6x750mL,,$76.00 ,750,Ml,6,Scottish stock pale w/Bere barley. Wine-like aroma,7.2,Scotland,,,,18,90
16607,BEER,Epochal,Mandarin Pale 12x375mL,,$73.00 ,375,Ml,12,"Pale ale w/ oranges, a little vanilla, and ginger",5.8,Scotland,,,,18,90
17016,BEER,Epochal,Old Scotch Ale 12x375mL,,$80.00 ,375,Ml,12,"Rich, lightly tart, well-aged Scotch ale",9,Scotland,,,,18,90
16611,BEER,Epochal,Phosphorus 20L Polykeg,PET,$190.00 ,20,L,1,"Pale ale w/ Scotch Annat. Dry, fruity, bitter",7.2,Scotland,S-Type,,,20,40
14705,BEER,Epochal,Prince of Cloud and Sky 12x375mL,,$76.00 ,375,Ml,12,"Bright, fruity oak-aged dry-hopped Scottish pale",6.1,Scotland,,,2.2305E+13,18,90
14706,BEER,Epochal,Squarer of Circles 12x375mL -- last 2!,,$73.00 ,375,Ml,12,"Funky+hoppy table beer, ode to 1800s recipe",3.6,Scotland,,,2.2166E+13,18,90
14709,BEER,Epochal,The Primum Mobile 12x375mL,,$80.00 ,375,Ml,12,Oak-aged porter based on 1800s Glasgow recipe,8.8,Scotland,,,,18,90
16608,BEER,Epochal,Visionary Pursuits 12x375mL,,$76.00 ,375,Ml,12,Spritzy Scottish stock pale with noble hops,8.7,Scotland,,,,18,90
16613,BEER,Epochal,Visionary Pursuits 20L Polykeg,PET,$190.00 ,20,L,1,Spritzy Scottish stock pale with noble hops,8.7,Scotland,S-Type,,,20,40
15512,BEER,Fantome,Blondinette Printemps 20L PolyKeg,PET,$155.00 ,20,L,1,Dry-hopped blonde w/ citrus peel/nutmeg/cinnamon,6,Belgium,S-Type,,,20,40
10004268,BEER,Fantome,Chocolat 12x750ml -- last 2!,,$90.00 ,750,Ml,12,Saison with cocoa and chili,7.5,Belgium,,,,14,70
16448,BEER,Fantome,Dark Chocolat 20L PolyKeg,PET,$175.00 ,20,L,1,"Dark, malty saison with cocoa and pepper",7.5,Belgium,S-Type,,2.3262E+13,20,40
11224,BEER,Fantome,Macaquincoing 12x750ml,,$90.00 ,750,Ml,12,"Confounding ale with quinine, cardamom & quince",7.5,Belgium,,,,14,70
10004265,BEER,Fantome,Pissenlit 12x750ml,,$90.00 ,750,Ml,12,Magical saison brewed w/ dandelion flowers,7.5,Belgium,,6-08782-66604-1,,14,70
14927,BEER,Fantome,Pissenlit 20L PolyKeg -- last 2!,PET,$165.00 ,20,L,1,Magical saison brewed w/ dandelion flowers,7.5,Belgium,S-Type,,,20,40
13392,BEER,Fantome,Spring Spiritus 12x750ml,,$90.00 ,750,Ml,12,Specialty saison,6,Belgium,,,,14,70
3751,BEER,Fantome,Vertignasse 12x750ml,,$90.00 ,750,Ml,12,Bright green special edition saison,5,Belgium,,,2.1179E+13,14,70
11384,BEER,Fantome,Vertignasse 20L PolyKeg,PET,$165.00 ,20,L,1,Bright green special edition saison,5,Belgium,S-Type,,2.1202E+13,20,40
16449,BEER,Fantome,White Chocolat 12x750ml,,$90.00 ,750,Ml,12,Blanche with white chocolate pastilles,7.5,Belgium,,,2.3262E+13,14,70
16447,BEER,Fantome,White Chocolat 20L PolyKeg,PET,$165.00 ,20,L,1,Blanche with white chocolate pastilles,7.5,Belgium,S-Type,,2.3262E+13,20,40
16456,BEER,Fantome,White Summer 20L PolyKeg,PET,$175.00 ,20,L,1,Blanche with elderflower and lemon,7.5,Belgium,S-Type,,2.3262E+13,20,40
14473,BEER,FrauGruber,24/7 Lager 24x440ml cans,,$61.00 ,16,Oz,24,Unfiltered dry-hopped lager 100% local malt,5.2,Germany,,4.26064E+12,2.2236E+13,15,100
14483,BEER,FrauGruber,24/7 Lager 30L KeyKeg,PET,$165.00 ,30,L,1,Unfiltered dry-hopped lager 100% local malt,5.2,Germany,KeyKeg,,,12,24
14474,BEER,FrauGruber,Helles 24x440ml cans,,$56.00 ,16,Oz,24,"Super-balanced, perfectly hoppy, Hallertauer hops",4.8,Germany,,4.26064E+12,2.2236E+13,15,100
14484,BEER,FrauGruber,Helles 30L KeyKeg,PET,$140.00 ,30,L,1,"Super-balanced, perfectly hoppy, Hallertauer hops",4.8,Germany,KeyKeg,,,12,24
14472,BEER,FrauGruber,Pils 24x440ml cans,,$57.00 ,16,Oz,24,"Super-hoppy, outstanding Bavarian pils",4.8,Germany,,4.26064E+12,2.2236E+13,15,100
14482,BEER,FrauGruber,Pils 30L KeyKeg,PET,$150.00 ,30,L,1,"Super-hoppy, outstanding Bavarian pils",4.8,Germany,KeyKeg,,,12,24
15318,BEER,FrauGruber,sunglasses,,$0.00 ,,,1,,,,,,,1,1
14741,BEER,Freigeist,Geisterzug Rhubarb 1/2 bbl steel keg (U.S.),Keg,$180.00 ,15.5,Gallons,1,Great tart wheat w/ rhubarb!,5.2,US - Missouri,Type D,,,20,40
14740,BEER,Freigeist,Geisterzug Rhubarb 1/6 bbl steel keg (U.S.),Keg,$93.00 ,5.2,Gallons,1,Great tart wheat w/ rhubarb!,5.2,US - Missouri,Type D,,,20,40
6928,BEER,Freigeist,Geisterzug RHUBARB Gose 6x4x16oz (U.S.),,$52.00 ,16,Oz,24,Great tart wheat w/ rhubarb!,5.2,US - Missouri,,8-18534-02536-5,2.1189E+13,10,70
13115,BEER,Freigeist,"Gute Nacht, Marie! 24x330ml",,$170.00 ,330,Ml,24,Imperial stout-eisbock hybrid,13,Germany,,,2.1099E+13,12,63
16122,BEER,Freigeist,Hauptstadt Helles 1/2 bbl steel keg (U.S.) -- last 1!,Keg,$180.00 ,15.5,Gallons,1,BLUEJACKET collab Helles,5.5,US - Missouri,Type D,,,20,40
16120,BEER,Freigeist,Hauptstadt Helles 1/6 bbl steel keg (U.S.),Keg,$93.00 ,5.2,Gallons,1,BLUEJACKET collab Helles,5.5,US - Missouri,Type D,,,20,40
16118,BEER,Freigeist,Hauptstadt Helles 6x4x16oz (U.S.),,$52.00 ,16,Oz,24,BLUEJACKET collab Helles,5.5,US - Missouri,,,2.3131E+13,10,70
13114,BEER,Freigeist,Qimmersoriartorfissuaq (Qimmer) 24x330ml -- last 2!,,$170.00 ,330,Ml,24,Barleywine-eisbock hybrid,14,Germany,,,2.1126E+13,12,63
15774,BEER,Freigeist,Radler 1/2 bbl steel keg (U.S.),Keg,$180.00 ,15.5,Gallons,1,Refreshing lemon radler made w/ Ottekolong Kolsch,5,US - Missouri,Type D,,,20,40
15773,BEER,Freigeist,Radler 1/6 bbl steel keg (U.S.),Keg,$93.00 ,5.2,Gallons,1,Refreshing lemon radler made w/ Ottekolong Kolsch,5.2,US - Missouri,Type D,,,20,40
15772,BEER,Freigeist,Radler 4x6x12oz (U.S.),,$52.00 ,612,Oz,4,Refreshing lemon radler made w/ Ottekolong Kolsch,5,US - Missouri,,4.26046E+12,2.3079E+13,10,70
13116,BEER,Freigeist,Schimmelreiter 24x330ml,,$105.00 ,330,Ml,24,Danziger Jopenbier-style ale,13,Germany,,,2.1099E+13,12,63
16847,BEER,Freigeist,/Birds Fly South/Sibeeria/Westbound Smoke 20L PolyKeg,PET,$250.00 ,20,L,1,100% smoked malt beer w/ yeast from each brewery,6,Germany,A-Type,,,20,40
16841,BEER,Freigeist,/Birds Fly South/Sibeeria/Westbound Smoke 6/750mL,,$115.00 ,750,Ml,6,100% smoked malt beer w/ yeast from each brewery,6,Germany,,,,16,80
16840,BEER,Freigeist,/Brekeriet/Ca del Brado Euroblend 2021 6/750mL,,$125.00 ,750,Ml,6,Lightly smoky blend of Swedish/Italian/German beer,6,Germany,,,,16,80
16848,BEER,Freigeist,/Brekeriet/Ca del Brado Euroblend 20L PolyKeg,PET,$265.00 ,20,L,1,Lightly smoky blend of Swedish/Italian/German beer,6,Germany,A-Type,,,20,40
16838,BEER,Freigeist,/Dr. Loosen Oxidation 6/750mL,,$115.00 ,750,Ml,6,German sour ale with spont ferm Riesling wine,6,Germany,,,,16,80
16839,BEER,Freigeist,/Ritterguts Broyhan 6/750mL,,$110.00 ,750,Ml,6,"Historic style from Hanover: light, wine-like",6,Germany,,,,16,80
16843,BEER,Freigeist,/Stillwater/Meinklang Rosler 2019 20L PolyKeg -- last 2!,PET,$230.00 ,20,L,1,Sour ale with spon ferm Rosler grapes,6,Germany,A-Type,,,20,40
16842,BEER,Freigeist,/Stillwater/Meinklang Welschriesling 2019 20L PolyKeg,PET,$230.00 ,20,L,1,Sour ale with spon ferm Welschriesling grapes,6,Germany,A-Type,,,20,40
16837,BEER,Freigeist,/Stillwater/Weingut Spatburgunder 2017 6/750mL,,$115.00 ,750,Ml,6,Spontaneously fermented ale with Bacchus grapes,9.3,Germany,,,,16,80
14923,BEER,Gode,Methode Originale Biere Brut 6x750ml,,$135.00 ,750,Ml,6,"Elegant, unique Champagne-method beer",11.5,Belgium,,,2.2297E+13,16,80
17044,BEER,Haandbryggeriet,1349 Black Ale 24x330ml,,$150.00 ,330,Ml,24,Brewed with the iconic Black Metal band 1349,13.49,Norway,,,,9,90
17053,BEER,Haandbryggeriet,1984 Baltic Porter 20L KeyKeg,PET,$180.00 ,20,L,1,"Baltic porter, collab with The Garden",10.6,Norway,KeyKeg,,,20,40
17051,BEER,Haandbryggeriet,A Dashing Something 6x750ml,,$120.00 ,750,Ml,6,"15-yr jubilee cuvee w seabuckthorn, plum, and rasp",7,Norway,,,,10,90
17058,BEER,Haandbryggeriet,Bestefar 24x440ml,,$115.00 ,440,Ml,24,"Hearty festive ale, meant to be enjoyed fireside!",9,Norway,,,,7,56
17040,BEER,Haandbryggeriet,Dark Force 24x440ml,,$110.00 ,440,Ml,24,"Imperial wheat stout from a galaxy far, far away!",8.5,Norway,,,,7,56
17056,BEER,Haandbryggeriet,Double Trouble 20L KeyKeg,PET,$190.00 ,20,L,1,"Malty, chocolate-y, lightly roasted doppelbock!",8,Norway,KeyKeg,,,20,40
17047,BEER,Haandbryggeriet,Epilogue 12x500ml,,$190.00 ,500,Ml,12,Buffalo Trace Bourbon barrel aged Imperial Stout,14,Norway,,,,1,1
17048,BEER,Haandbryggeriet,Hafgufa: Heart of Darkness #2 12x330ml,,$200.00 ,330,Ml,12,Rum BA imperial stout with coffee and hazelnuts,13,Norway,,,,20,120
17042,BEER,Haandbryggeriet,Norwegian Wood 24x440ml,,$90.00 ,440,Ml,24,Traditional Norwegian smoked lager with juniper,6.5,Norway,,,,7,56
17052,BEER,Haandbryggeriet,Of Wood & Smoke 20L KeyKeg,PET,$200.00 ,20,L,1,Aquavit BA smoked lager with fresh juniper,8,Norway,KeyKeg,,,20,40
17041,BEER,Haandbryggeriet,Of Wood & Smoke 24x440ml,,$110.00 ,440,Ml,24,Aquavit BA smoked lager with fresh juniper,8,Norway,,,,7,56
17049,BEER,Haandbryggeriet,Raspberry Fields Forever 12x375ml,,$110.00 ,375,Ml,12,Nordic cellar sour blended with raspberries,7,Norway,,,,20,120
17043,BEER,Haandbryggeriet,Sanchez Coffee Stout 24x440ml,,$110.00 ,440,Ml,24,"Collab with Ægir, made w/ organic Peruvian coffee",7,Norway,,,,7,56
17046,BEER,Haandbryggeriet,Stoking the Furnace 12x500ml,,$110.00 ,500,Ml,12,Smoked imperial porter,12.7,Norway,,,,1,1
17057,BEER,Haandbryggeriet,Trolls vs Goats 20L KeyKeg -- last 2!,PET,$180.00 ,20,L,1,German/Norwegian-inspired Aquavit BA triple bock,11.6,Norway,KeyKeg,,,20,40
17050,BEER,Haandbryggeriet,/Brekeriet Brothers in Arms 12x375ml,,$120.00 ,375,Ml,12,Nordic sour w/ hibiscus and sea buckthorn,7,Norway,,,,20,120
16314,BEER,Het Boerenerf,Biet 6x750ml,,$130.00 ,750,Ml,6,"Blend of lambic, beet from their farm, and cider",6,Belgium,,5.43E+12,2.3222E+13,20,80
16321,BEER,Het Boerenerf,Cannonau 6x750ml,,$130.00 ,750,Ml,6,"Blend of cider & wine, Cannonau di Sardegna grapes",6,Belgium,,5.43E+12,2.3173E+13,20,80
16318,BEER,Het Boerenerf,Framboos 6x750ml -- last 1!,,$130.00 ,750,Ml,6,Lambic w/ four varieties of local raspberries,6,Belgium,,5.43E+12,2.3173E+13,20,80
16313,BEER,Het Boerenerf,Gueuze 12x375ml,,$95.00 ,375,Ml,12,"Blend of 1-, 2-, and 3-year lambic",6,Belgium,,,2.3222E+13,18,108
16315,BEER,Het Boerenerf,Kweepeer 6x750ml,,$130.00 ,750,Ml,6,"Aromatic, beautiful blend of lambic & quince cider",6,Belgium,,5.43E+12,2.3222E+13,20,80
16319,BEER,Het Boerenerf,Riesling Lambic 6x750ml,,$130.00 ,750,Ml,6,Gorgeous blend of lambic and Riesling wine,6,Belgium,,5.43E+12,2.3173E+13,20,80
16322,BEER,Het Boerenerf,Symbiose 6x750ml,,$155.00 ,750,Ml,6,"Novel blend of lambic, cider, and mead",6,Belgium,,5.43E+12,2.3173E+13,20,80
16984,BEER,Holy Goat,Doom Witch 20L Polykeg -- last 2!,PET,$170.00 ,20,L,1,Whisky BA Flanders red with Scottish strawberries,6,Scotland,S-Type,,,20,40
16976,BEER,Holy Goat,Funk Weapon 12x375mL,,$76.00 ,375,Ml,12,Wild ale w/ Scotch barley & Belgian lambic Brett,5.8,Scotland,,,2.3186E+13,18,90
16979,BEER,Holy Goat,Funk Weapon 20L Polykeg,PET,$160.00 ,20,L,1,Wild ale w/ Scotch barley & Belgian lambic Brett,5.8,Scotland,S-Type,,,20,40
16977,BEER,Holy Goat,Goat & Ram 12x375mL,,$78.00 ,375,Ml,12,"Red wine BA Flanders ale w/ redcurrant, cherry",5.5,Scotland,,,2.3173E+13,18,90
16978,BEER,Holy Goat,Grim Fandango 12x375mL,,$80.00 ,375,Ml,12,Tepache-insp wild ale w/ pineapple & cinnamon,6,Scotland,,,2.3186E+13,18,90
16982,BEER,Holy Goat,Heather Honeybucket 12x375mL,,$80.00 ,375,Ml,12,Golden sour w/ heather honey and elderflowers,6,Scotland,,,,18,90
16974,BEER,Holy Goat,Lemon Crusher 12x375mL,,$78.00 ,375,Ml,12,"Golden wild ale, Scottish barley & Sicilian lemon",5.5,Scotland,,,2.3173E+13,18,90
16983,BEER,Holy Goat,Shrinebuilder 12x375mL,,$72.00 ,375,Ml,12,Juicy golden sour w Belgian lambic Brett.,5.6,Scotland,,,,18,90
16975,BEER,Holy Goat,Spectral Lore 12x375mL,,$80.00 ,375,Ml,12,Juicy Framboise-style w/ tayberries & strawberries,5.5,Scotland,,,2.334E+13,18,90
16980,BEER,Holy Goat,Spectral Lore 20L Polykeg,PET,$180.00 ,20,L,1,Juicy Framboise-style w/ tayberries & strawberries,5.5,Scotland,S-Type,,2.334E+13,20,40
16985,BEER,Holy Goat,Thundercurrant 20L Polykeg,PET,$180.00 ,20,L,1,Juicy golden sour w/ Scottish blackcurrants,5.4,Scotland,S-Type,,,20,40
16812,BEER,Insight Cellars,Copenhagen Commons Noble Nordic 30L KeyKeg,PET,$185.00 ,30,L,1,Session farmhouse loaded with noble hops,4.5,Denmark,KeyKeg,,3275,12,24
16813,BEER,Insight Cellars,Copenhagen Commons Wild Zealand 30L KeyKeg,PET,$200.00 ,30,L,1,Farmhouse pale w/ Danish malts and NZ hops,5.9,Denmark,KeyKeg,,3275,12,24
16810,BEER,Insight Cellars,Alma del Arrumbador 6x750ml,,$128.00 ,750,Ml,6,Danish wild ale aged in Sherry barrels,7.3,Denmark,,,,9,108
16805,BEER,Insight Cellars,Blueberry Press 6x750ml -- last 2!,,$128.00 ,750,Ml,6,Danish wild ale w/ organic blueberries,8.8,Denmark,,,,9,108
16804,BEER,Insight Cellars,Crimson Grange 6x750ml,,$128.00 ,750,Ml,6,"Bourbon BA wild ale w/ cherries, grapes, vanilla",8.8,Denmark,,,,9,108
16806,BEER,Insight Cellars,Existence: Cabernet Sauvignon 6x750ml,,$128.00 ,750,Ml,6,Danish wild ale w/ Bordeaux Cab Sav grapes,9.1,Denmark,,,,9,108
16809,BEER,Insight Cellars,Maturation: Bocoy 6x750ml,,$128.00 ,750,Ml,6,Danish wild ale aged in a very old Oloroso barrel!,7.2,Denmark,,,,9,108
16808,BEER,Insight Cellars,Pot & Column Kriek 6x750ml,,$128.00 ,750,Ml,6,"Danish wild ale w/ cherries, Barbados rum BA",7.6,Denmark,,,,9,108
10005714,BEER,Kerkom,Bink Blond 24/330ML bottles,,$57.00 ,330,Ml,24,Classic dry-hopped Belgian blonde,5.5,Belgium,,5.41396E+12,2.3124E+13,12,72
10002438,BEER,Kerkom,Reuss 12x750ml,,$35.00 ,750,Ml,12,Belgian ale blended w/ lambic,6.5,Belgium,,,*1950,12,72
17062,BEER,Nogne O,4885 Blanc 12x500mL cans,,$40.00 ,500,Ml,12,Classic Belgian wheat w/ orange peel + coriander,4.5,Norway,,,,10,160
12753,BEER,Nogne O,Blonde 12/500mL cans,,$40.00 ,500,Ml,12,"Light, thirst-quenching blonde",4.5,Norway,,7.07267E+12,2.1288E+13,23,70
17061,BEER,Nogne O,Brown Ale 12x330ml,,$39.00 ,330,Ml,12,"Dark brown English-style ale, deep cut",4.5,Norway,,,,10,120
12732,BEER,Nogne O,Dark Horizon 7th ed. 6x330ml,,$110.00 ,330,Ml,6,Imp coffee stout 15 years after the original!,16,Norway,,7.07267E+12,,10,100
10005206,BEER,Nogne O,Imperial Stout 12x500ml,,$47.50 ,500,Ml,12,Classic Norwegian imperial stout,9,Norway,,7.09001E+12,2.1292E+13,1,1
5815,BEER,Nogne O,Imperial Stout 20L KeyKeg,PET,$175.00 ,20,L,1,Classic Norwegian imperial stout,9,Norway,KeyKeg,,,20,40
17059,BEER,Nogne O,Nordic Noir 2nd ed. 6x330ml,,$110.00 ,330,Ml,6,"Strong ale w/ local honey, juniper, & choc malt!",15.5,Norway,,,,10,100
12750,BEER,Nogne O,Porter 12x330ml,,$40.00 ,330,Ml,12,"Perfect chocolately, roasty porter",7,Norway,,7.09001E+12,2.1292E+13,20,120
12751,BEER,Nogne O,Porter 20L KeyKeg,PET,$150.00 ,20,L,1,"Perfect chocolately, roasty porter",7,Norway,KeyKeg,,,20,40
16966,BEER,Pohjala,Chocolate Porter 24x330ml,,$84.00 ,330,Ml,24,"Bold, indulgent imperial chocolate porter",10,Estonia,,,2.3258E+13,12,72
4536,BEER,Pohjala,CocoBanger 24x330ml,,$90.00 ,330,Ml,24,Rich imperial stout w/coconut,12.5,Estonia,,4.74298E+12,2.1026E+13,12,72
3894,BEER,Pohjala,Must Kuld 24x330ml,,$70.00 ,330,Ml,24,Porter brewed in the Baltic!,7.8,Estonia,,4.74298E+12,2.1015E+13,12,72
14139,BEER,Pohjala,Must Kuld Chai Latte 24x330ml,,$70.00 ,330,Ml,24,Smooth porter with aromatic chai spices!,7.8,Estonia,,4.74298E+12,2.2207E+13,22,88
11288,BEER,Pohjala,Neukolln 20L KeyKeg,PET,$130.00 ,20,L,1,Tart and refreshing blackcurrant berliner,5.5,Estonia,KeyKeg,,2.1235E+13,20,40
16967,BEER,Pohjala,Oo Cassis 24x330ml,,$76.00 ,330,Ml,24,"Dark, elegant imp Baltic porter with blackcurrant",10.5,Estonia,,,2.3255E+13,12,72
5181,BEER,Pohjala,Oo XO (Cognac BA) 24x330ml,,$110.00 ,330,Ml,24,Cognac BA imperial stout,11.5,Estonia,,4.74298E+12,2.1026E+13,12,72
8035,BEER,Pohjala,Orange Gose 24x330ml,,$63.00 ,330,Ml,24,"Citrus forward gose w/ Oranges, coriander, salt",5.5,Estonia,,4.74298E+12,2.1103E+13,22,88
11292,BEER,Pohjala,Prenzlauer Berg 24x330ml,,$63.00 ,330,Ml,24,"Rich, creamy, raspberry dessert berliner",4.5,Estonia,,4.74298E+12,2.1103E+13,22,88
14134,BEER,Pohjala,Sun City 24x440ml,,$92.00 ,440,Ml,24,"FL weisse with mango, passionfruit, peach",5,Estonia,,4.74298E+12,2.3095E+13,12,72
13609,BEER,Pohjala,Valk 24x330ml,,$70.00 ,330,Ml,24,Imp Gose with Estonian blueberries and sage,8,Estonia,,4.74298E+12,2.2052E+13,22,88
16968,BEER,Pohjala,Winter Smooth 24/330mL,,$145.00 ,330,Ml,24,Complex barleywine aged extensively in Cognac,12,Estonia,,4.74298E+12,2.3254E+13,12,72
16965,BEER,Pohjala,/Weihenstephan Zeit 24/330mL,,$145.00 ,330,Ml,24,Rich wheatwine aged in Tawny/Ruby/White port bbls,12,Estonia,,,2.3114E+13,12,72
16231,BEER,Ridgeway,ESB 12X500mL bottles,,$39.00 ,500,Ml,12,"Warm, rich ale with whole English hops",5,England,,,,18,90
16230,BEER,Ridgeway,ESB 30L PETainer,PET,$125.00 ,30,L,1,"Warm, rich ale with whole English hops",5.2,England,A-Type,,,8,32
15765,BEER,Ridgeway,Foreign Export Stout 30L PETainer keg,PET,$135.00 ,30,L,1,Warming stout that only gets better.,8,England,A-Type,,,8,32
10000457,BEER,Ridgeway,Imperial Russian Stout 12x330ml,,$40.00 ,330,Ml,12,"Rich, delish imperial stout",10,England,,5.06022E+12,,24,120
5332,BEER,Ridgeway,IPA 30L PETainer,PET,$125.00 ,30,L,1,Trad English IPA: OG AF,6,England,A-Type,,,8,32
16973,BEER,Ridgeway,Lock Keeper's Ale 30L PETainer Keg,PET,$125.00 ,30,L,1,"Malty, hoppy, strong golden ale",,England,A-Type,,,1,1
16198,BEER,Ritterguts,Lichtenhainer SPEZIAL 30L PolyKeg,PET,$185.00 ,30,L,1,"Slightly sour, slightly smoky ale with bergamot an",4.3,Germany,A-Type,,2.207E+13,12,24
13898,BEER,Ritterguts,Lichtenhainer Weisse 30L UniKeg,PET,$180.00 ,30,L,1,"Super-traditional slightly sour, slightly smokey",4.3,Germany,A-Type,,2.207E+13,12,24
10002968,BEER,Ritterguts,Original Gose 30L UniKeg,PET,$180.00 ,30,L,1,OG: Original Gose since 1874,3.9,Germany,A-Type,,2.112E+13,12,24
14857,BEER,Sacrilege,Abricot 6x750ml,,$72.50 ,750,Ml,6,Blend of BA wild ales macerated on fresh apricot,5.4,France,,3.77002E+12,2.2305E+13,14,133
14863,BEER,Sacrilege,Halte 6x750ml -- last 2!,,$55.00 ,750,Ml,6,Lightly dry-hopped foeder grisette w house culture,4.2,France,,3.77002E+12,2.2346E+13,12,84
14859,BEER,Sacrilege,Prune 6x750ml,,$72.50 ,750,Ml,6,Foeder-aged mixed-culture beer w/ fresh plums,5.3,France,,3.77002E+12,2.2342E+13,12,133
14984,BEER,Schneeeule,Hot Irmi 20L KegKeg,PET,$180.00 ,20,L,1,German Berliner Weisse with Habaneros,3,Germany,KeyKeg,,,1,1
13403,BEER,Schneeeule,Irmgard 12/330mL,,$50.00 ,330,Ml,12,German Berliner Weisse with ginger,3.5,Germany,,4.27E+12,,13,78
14887,BEER,Schneeeule,Irmgard 20L KegKeg,PET,$180.00 ,20,L,1,German Berliner Weisse with ginger,3.5,Germany,KeyKeg,,2.2159E+13,20,40
13401,BEER,Schneeeule,Kennedy 12/330mL,,$50.00 ,330,Ml,12,Dry-hopped German Berliner Weisse,3.5,Germany,,4.27E+12,,13,78
14889,BEER,Schneeeule,Kennedy 20L KegKeg,PET,$180.00 ,20,L,1,German dry hopped Berliner Weisse,3.5,Germany,KeyKeg,,2.2159E+13,20,40
13400,BEER,Schneeeule,Marlene 12/330mL,,$50.00 ,330,Ml,12,Authentic German Berliner Weisse,3.5,Germany,,4.27E+12,,13,78
15905,BEER,Schneeeule,Minerva 6/750mL,,$50.00 ,750,Ml,6,Cellar Series berliner w/ cinnamon and gin spices,3.8,Germany,,,,20,120
13402,BEER,Schneeeule,Yasmin 12/330mL,,$50.00 ,330,Ml,12,German Berliner Weisse with jasmine,3.5,Germany,,4.27E+12,,13,78
14888,BEER,Schneeeule,Yasmin 20L KegKeg,PET,$180.00 ,20,L,1,German Berliner Weisse with jasmine,3.5,Germany,KeyKeg,,2.2159E+13,20,40
16989,BEER,Siren,Calypso (Sour Cherry Negroni) 12x440ml,,$46.00 ,440,Ml,12,"Sour w gin-infused oak, black cherries, and orange",4,England,,,,18,162
16987,BEER,Siren,Calypso (Sour Cherry Negroni) 30L KeyKeg,PET,$180.00 ,30,L,1,"Sour w gin-infused oak, black cherries, and orange",4,England,KeyKeg,,,12,24
16990,BEER,Siren,Calypso (Whiskey Sour) 12x440ml,,$46.00 ,440,Ml,12,Sour w bourbon-infused oak and lemon zest/juice,4,England,,,,18,162
16988,BEER,Siren,Calypso (Whiskey Sour) 30L KeyKeg,PET,$180.00 ,30,L,1,Sour w bourbon-infused oak and lemon zest/juice,4,England,KeyKeg,,,12,24
16993,BEER,Siren,Caribbean Chocolate Cake (Salted Cherry) 12x330mL,,$56.00 ,330,Ml,12,Black Forest inspired CCC with sea salt & cherry,7.4,England,,,,18,216
16996,BEER,Siren,Caribbean Chocolate Cake (Salted Cherry) 20L KeyKeg,PET,$185.00 ,20,L,1,Black Forest inspired CCC with sea salt & cherry,7.4,England,KeyKeg,,,20,40
14817,BEER,Siren,Caribbean Chocolate Cake 20L KeyKeg,PET,$185.00 ,20,L,1,"Tropical stout w/cacao, cypress wood, lactose",7.4,England,KeyKeg,,,20,40
16992,BEER,Siren,Caribbean Chocolate Cake NITRO 12x330mL,,$56.00 ,330,Ml,12,"Tropical stout w/cacao, cypress wood, lactose",7.4,England,,,,18,216
16994,BEER,Siren,Caribbean Chocolate CUPCAKE 12x330mL,,$53.00 ,330,Ml,12,"Tropical session stout w cacao, cypress, vanilla",5.4,England,,,,18,216
16995,BEER,Siren,Caribbean Chocolate CUPCAKE 20L KeyKeg,PET,$180.00 ,20,L,1,"Tropical session stout w cacao, cypress, vanilla",5.4,England,KeyKeg,,,20,40
14819,BEER,Siren,Death By Caribbean Chocolate Cake 20L KeyKeg,PET,$185.00 ,20,L,1,Doubled-down version with way more cacao & wood,10.2,England,KeyKeg,,2.2319E+13,20,40
15850,BEER,Siren,Maiden 2022 12x375ml,,$110.00 ,375,Ml,12,Incredible BA blended barleywine,11.2,England,,,,15,90
16986,BEER,Siren,Mixed Blessings 12x375ml bottles,,$89.00 ,375,Ml,12,"Bourbon BA stout, lime zest & hand toasted coconut",12,England,,,,15,90
16997,BEER,Siren,Slam Duck 20L KeyKeg,PET,$125.00 ,20,L,1,Duckpond collab; tropical juicy DIPA,8,England,KeyKeg,,2.334E+13,20,40
15966,BEER,Siren,Static Charge 12x375ml bottles,,$92.50 ,375,Ml,12,"Saison aged w grape pomace, skin-contact wine vibe",7.7,England,,,,15,90
9176,BEER,Thiriez,Ambree d'Esquelbecq (Amber) 24x330ml,,$78.00 ,330,Ml,24,"amber farmhouse ale with spicy, earthy notes",5.8,France,,3.56541E+12,2.2087E+13,11,66
13648,BEER,Thiriez,Ambree d'Esquelbecq (Amber) 30L Dolium,PET,$200.00 ,30,L,1,"amber farmhouse ale with spicy, earthy notes",5.8,France,A-Type,,2.223E+13,14,28
7167,BEER,Thiriez,Blonde d'Esquelbecq Farmhouse Ale 24x330ml,,$76.00 ,330,Ml,24,Gorgeous saison-like blonde ale,6.5,France,,3.56541E+12,2.2087E+13,11,66
13649,BEER,Thiriez,Blonde d'Esquelbecq Farmhouse Ale 30L Dolium,PET,$195.00 ,30,L,1,Gorgeous saison-like blonde ale,6.5,France,A-Type,,2.223E+13,14,28
3369,BEER,Thiriez,Extra Farmhouse Ale 24x330ml,,$78.00 ,330,Ml,24,"Lovely, nuanced saison",4.5,France,,3.56541E+12,2.2087E+13,11,66
10002217,BEER,Thiriez,Extra Farmhouse Ale 30L Dolium,PET,$200.00 ,30,L,1,"Lovely, nuanced saison",4.55,France,A-Type,,2.223E+13,14,28
16591,BEER,Thiriez,Winter Pepper 24x330ml,,$78.00 ,330,Ml,24,"Ale w/ Malabar, Phu Quoc & Ashanti peppercorns",7.5,France,,,2.3177E+13,11,66
13647,BEER,Thiriez,/Jester King La Petite Princesse 24x330ml,,$76.00 ,330,Ml,24,"Delightful table beer, just 2.9%!",2.9,France,,3.56541E+12,2.2087E+13,11,66
9231,BEER,Thiriez,/Jester King La Petite Princesse 30L PolyKeg,PET,$200.00 ,30,L,1,"Delightful table beer, just 2.9%!",2.9,France,A-Type,,,14,28
14906,BEER,Tommie Sjef,Cuvee 6x750ml,,$145.00 ,750,Ml,6,Wild ale w/ Pinot Blanc/Muscat/Olasz Rizling grape,7.4,Netherlands,,,2.2298E+13,12,108
14908,BEER,Tommie Sjef,Druif 6x750ml,,$145.00 ,750,Ml,6,Wild ale with red Kékfrankos wine grapes,8.1,Netherlands,,,2.2293E+13,12,108
14907,BEER,Tommie Sjef,Sprong 6x750ml,,$145.00 ,750,Ml,6,A blend of wild ale and dry-hopped saison w/ herbs,7.2,Netherlands,,,,12,108
10113,"CIDER, MEAD, WINE, SPIRITS",Arizia,VERMOUTH 6x750ml,,$126.00 ,750,Ml,6,A new take on an old beverage! Vermouth w/cider,15,Spain (Basque),,,,20,140
5459,"CIDER, MEAD, WINE, SPIRITS",Begiristain Sidra,Begiristain Gorenak Sidra Natural 8x375ml,,$23.00 ,375,Ml,8,Exceptionally refined Basque cider,6,Spain,,,,15,90
4577,"CIDER, MEAD, WINE, SPIRITS",Frederiksdal,Kirsebaervin 5L Glass Demijohn,,$125.00 ,,,1,5L Vessel for serving cherry wine,,Denmark,,,,10,100
10003195,"CIDER, MEAD, WINE, SPIRITS",Frederiksdal,Kirsebaervin Late Bottled 6x500ml,,$90.00 ,500,Ml,6,Long-aged cherry wine,15,Denmark,,,,31,124
10001076,"CIDER, MEAD, WINE, SPIRITS",Frederiksdal,Kirsebaervin Nordic Cherry Likor 6x500ml,,$120.00 ,500,Ml,6,Intense spirit fortified w/ cherry juice,17,Denmark,,,,31,124
5972,"CIDER, MEAD, WINE, SPIRITS",Frederiksdal,Kirsebaervin RANCIO 3L Bag-in-Box,,$130.00 ,,,1,"Cherry wine, aged in sun, cognac bbls",14,Denmark,,,,20,100
4842,"CIDER, MEAD, WINE, SPIRITS",Frederiksdal,Kirsebaervin RANCIO 6x500ml,,$125.00 ,500,Ml,6,"Cherry wine, aged in sun, cognac bbls",14,Denmark,,,,31,124
10001498,"CIDER, MEAD, WINE, SPIRITS",Frederiksdal,Kirsebaervin Reserve 6x500ml,,$120.00 ,500,Ml,6,Wild-ferment sour cherry wine!,15,Denmark,,5.71058E+12,,31,124
4844,"CIDER, MEAD, WINE, SPIRITS",Frederiksdal,Kirsebaervin SUR LIE 3L Bag-in-Box,,$110.00 ,,,1,For use with glass demijohn,15,Denmark,,,,20,100
10001078,"CIDER, MEAD, WINE, SPIRITS",Frederiksdal,Kirsebaervin Sur Lie 6x500ml,,$100.00 ,500,Ml,6,"Rich, rounded, cherry wine!",15,Denmark,,,,31,124
10000076,"CIDER, MEAD, WINE, SPIRITS",Frederiksdal,Kirsebaervin Vin Af Kirsebaer 6x500ml,,$90.00 ,500,Ml,6,"Layered, intense cherry wine",15,Denmark,,,,31,124
10003111,"CIDER, MEAD, WINE, SPIRITS",Hogan's,DRY Cider 12/500mL,,$25.00 ,330,Ml,12,Earthy bittersweet dry cider,6.7,England,,,H100,18,90
7885,"CIDER, MEAD, WINE, SPIRITS",Mousserende,AEblevin Sparkling Apple Brut 6x750ml,,$35.00 ,750,Ml,6,Sparkling Apple wine made w/ organic Danish apples,6,Denmark,,,,22,110
4857,"CIDER, MEAD, WINE, SPIRITS",Peckham's,Boysenberry Cider 24x330ml cans,,$25.00 ,330,Ml,24,Incredibly juicy cider w/boysenberry,5.6,New Zealand,,9.4219E+12,,12,72
3736,"CIDER, MEAD, WINE, SPIRITS",Peckham's,Moutere Apple Cider 24x330ml cans,,$25.00 ,330,Ml,24,Heritage apples from family orchard,5.8,New Zealand,,9.4219E+12,,12,72
12163,"CIDER, MEAD, WINE, SPIRITS",Ribela,Besta Hopped Cider 24x330ml,,$25.00 ,330,Ml,24,Traditional Galician cider!,5.5,Spain,,,,1,1
10003069,"CIDER, MEAD, WINE, SPIRITS",Ribela,Sidra Natural 12x700ml,,$30.00 ,700,,12,Traditional Galician cider!,5.5,Spain,,,,14,70